{
  "author": "List made by PRO100KatYT",
  "Season11": {
    "ERG.Node.A.1": ["AthenaCharacter:cid_645_athena_commando_f_wolly"],
    "ERG.Node.B.1": ["AthenaGlider:glider_id_188_galileorocket_g7oki"],
    "ERG.Node.C.1": ["AthenaBackpack:bid_430_galileospeedboat_9rxe3"],
    "ERG.Node.D.1": ["AthenaCharacter:cid_643_athena_commando_m_ornamentsoldier", "AthenaBackpack:bid_439_ornamentsoldier"],
    "ERG.Node.A.2": ["AthenaPickaxe:pickaxe_id_329_gingerbreadcookie1h"],
    "ERG.Node.A.3": ["AthenaPickaxe:pickaxe_id_332_mintminer"],
    "ERG.Node.A.4": ["AthenaDance:eid_snowglobe"],
    "ERG.Node.A.5": ["AthenaGlider:glider_id_191_pinetree"],
    "ERG.Node.A.6": ["AthenaItemWrap:wrap_188_wrappingpaper"],
    "ERG.Node.A.7": ["AthenaItemWrap:wrap_183_newyear2020"],
    "ERG.Node.A.8": ["AthenaSkyDiveContrail:trails_id_082_holidaygarland"],
    "ERG.Node.A.9": ["AthenaMusicPack:musicpack_040_xmaschiptunes"],
    "ERG.Node.A.10": ["AthenaLoadingScreen:lsid_208_smpattern", "HomebaseBannerIcon:galileob"],
    "ERG.Node.A.11": ["AthenaLoadingScreen:lsid_209_akcrackshot", "HomebaseBannerIcon:brs11sockmonkey"]
  },
  "Season19": {
    "ERG.Node.A.1": ["Token:14daysoffortnite_small_giftbox"],
    "ERG.Node.B.1": ["AthenaDance:emoji_s19_animwinterfest2021"],
    "ERG.Node.C.1": ["AthenaGlider:glider_id_335_logarithm_40qgl"],
    "ERG.Node.D.1": ["AthenaCharacter:cid_a_323_athena_commando_m_bananawinter"],
    "ERG.Node.A.2": ["HomebaseBannerIcon:brs19_winterfest2021"],
    "ERG.Node.A.3": ["AthenaSkyDiveContrail:trails_id_137_turtleneckcrystal"],
    "ERG.Node.A.4": ["AthenaItemWrap:wrap_429_holidaysweater"],
    "ERG.Node.A.5": ["AthenaLoadingScreen:lsid_393_winterfest2021"],
    "ERG.Node.A.6": ["AthenaMusicPack:musicpack_117_winterfest2021"],
    "ERG.Node.A.7": ["AthenaDance:eid_epicyarn"],
    "ERG.Node.A.8": ["AthenaCharacter:cid_a_310_athena_commando_F_scholarfestive"],
    "ERG.Node.A.9": ["AthenaPickaxe:pickaxe_id_731_scholarfestivefemale1h"],
    "ERG.Node.A.10": ["AthenaItemWrap:wrap_430_winterlights"],
    "ERG.Node.A.11": ["AthenaDance:spid_346_winterfest_2021"],
    "ERG.Node.A.12": ["AthenaPickaxe:pickaxe_ID_732_shovelmale"]
  },
  "Season23": {
    "ERG.Node.A.1": ["AthenaCharacter:character_sportsfashion_winter"],
    "ERG.Node.B.1": ["AthenaCharacter:character_cometdeer"],
    "ERG.Node.A.2": ["AthenaGlider:glider_default_jolly"],
    "ERG.Node.A.3": ["AthenaDance:eid_dashing"],
    "ERG.Node.A.4": ["AthenaDance:spray_guffholidaytree_winterfest2022", "AthenaDance:spray_winterreindeer_winterfest2022", "AthenaDance:spray_defacedsnowman_winterfest2022"],
    "ERG.Node.A.5": ["AthenaDance:emoji_s23_winterfest_2022"],
    "ERG.Node.A.6": ["AthenaMusicPack:musicpack_164_redpepper_winterfest"],
    "ERG.Node.A.7": ["AthenaItemWrap:wrap_winter_pal"],
    "ERG.Node.A.8": ["AthenaPickaxe:pickaxe_jollytroll"],
    "ERG.Node.A.9": ["AthenaGlider:glider_jollytroll"],
    "ERG.Node.A.10": ["AthenaBackpack:backpack_jollytroll"],
    "ERG.Node.A.11": ["AthenaMusicPack:musicpack_163_winterfest_2022", "AthenaMusicPack:musicpack_157_radish_nightnight"],
    "ERG.Node.A.12": ["AthenaItemWrap:wrap_cometwinter"],
    "ERG.Node.A.13": ["AthenaSkyDiveContrail:contrail_jollytroll"]
  },
  "Season33": {
    "ERG.Node.A.1": ["AthenaCharacter:character_blowwire"],
    "ERG.Node.A.2": ["SparksBass:sparks_bass_almondsplash"],
    "ERG.Node.A.3": ["SparksGuitar:sparks_guitar_icewater"],
    "ERG.Node.A.4": ["AthenaDance:spray_s33winterfest", "AthenaDance:spray_s33winterfest2", "AthenaDance:spray_musicpasswinterfests32"],
    "ERG.Node.A.5": ["AthenaDance:emoji_s33_winterfest"],
    "ERG.Node.A.6": ["SparksSong:sid_placeholder_437"],
    "ERG.Node.A.7": ["AthenaItemWrap:wrap_blowwire"],
    "ERG.Node.A.8": ["AthenaPickaxe:pickaxe_blowwire"],
    "ERG.Node.A.9": ["AthenaGlider:glider_blowwire"],
    "ERG.Node.A.10": ["AthenaBackpack:backpack_blowwire"],
    "ERG.Node.A.11": ["AthenaBackpack:backpack_almondsplash"],
    "ERG.Node.A.12": ["AthenaSkyDiveContrail:contrail_frostedglass"],
    "ERG.Node.B.1": ["AthenaCharacter:character_almondsplash"],
    "ERG.Node.A.13": ["AthenaPickaxe:pickaxe_almondsplash"]
  },
  "Season39": {
    "ERG.Node.A.1": ["AthenaCharacter:character_chubbyjingle"],
    "ERG.Node.A.2": ["AthenaCharacter:character_frostiron"],
    "ERG.Node.A.3": ["AthenaBackpack:backpack_polargander"],
    "ERG.Node.A.4": ["AthenaDance:emoticon_s39winterfest", "AthenaDance:spray_winterfest3"],
    "ERG.Node.A.5": ["AthenaBackpack:backpack_winkfin"],
    "ERG.Node.A.6": ["SparksSong:sid_placeholder_728"],
    "ERG.Node.A.7": ["AthenaPickaxe:pickaxe_hunsting"],
    "ERG.Node.A.8": ["AthenaPickaxe:pickaxe_jingleblade"],
    "ERG.Node.A.9": ["AthenaItemWrap:wrap_shavedice"],
    "ERG.Node.A.10": ["AthenaSkyDiveContrail:contrail_hollowstun"],
    "ERG.Node.A.11": ["SparksGuitar:sparks_rainbowhouse_guitar"],
    "ERG.Node.A.12": ["SparksBass:sparks_frostiron_bass"],
    "ERG.Node.B.1": ["AthenaDance:spray_winterfest", "AthenaDance:spray_winterfest2"],
    "ERG.Node.A.13": ["AthenaGlider:glider_rumplewisp"]
  }
}
